products,price,url_img
Loti-Bot Programmable Floor Robot,£125.99,https://www.tts-international.com/dw/image/v2/AAXQ_PRD/on/demandware.static/-/Sites-TTSGroupE-commerceMaster/default/dwe4238178/images/hi-res/1021598_03_IT10415.jpg?sw=240
Oti-Bot,£440.99,https://www.tts-international.com/dw/image/v2/AAXQ_PRD/on/demandware.static/-/Sites-TTSGroupE-commerceMaster/default/dw200fd6cc/images/hi-res/1018887_13_IT10287.jpg?sw=240
Bee-Bot® Programmable Floor Robot,£85.67,https://www.tts-international.com/dw/image/v2/AAXQ_PRD/on/demandware.static/-/Sites-TTSGroupE-commerceMaster/default/dw5bdbb87f/images/hi-res/1001794_02_ITSBOT_18_large.jpg?sw=240
Blue-Bot® Bluetooth Programmable Floor Robot,£110.87,https://www.tts-international.com/dw/image/v2/AAXQ_PRD/on/demandware.static/-/Sites-TTSGroupE-commerceMaster/default/dwc5bbe527/images/hi-res/1007812_00_EL00485_1_large.jpg?sw=240
Rugged Robot,£147.41,https://www.tts-international.com/dw/image/v2/AAXQ_PRD/on/demandware.static/-/Sites-TTSGroupE-commerceMaster/default/dwbbe93c59/images/hi-res/1013531_10_IT10000_26.jpg?sw=240
Dash Robot,£270.89,https://www.tts-international.com/dw/image/v2/AAXQ_PRD/on/demandware.static/-/Sites-TTSGroupE-commerceMaster/default/dw1a94d4f4/images/hi-res/1013141_01_IT01246 20.jpg?sw=240
Bee-Bot® Busy Street Mat,£30.23,/on/demandware.static/Sites-tts_int-Site/-/default/dw5ada9bf9/images/noimagesmall.png
Bee-Bot® Alphabet Cards,£24.95,https://www.tts-international.com/dw/image/v2/AAXQ_PRD/on/demandware.static/-/Sites-TTSGroupE-commerceMaster/default/dw2940b196/images/hi-res/1015789_01_IT10164.jpg?sw=240
Bee-Bot® Zoo Mat,£28.97,https://www.tts-international.com/dw/image/v2/AAXQ_PRD/on/demandware.static/-/Sites-TTSGroupE-commerceMaster/default/dw32ba0670/images/hi-res/1015738_01_IT10156_001.jpg?sw=240
Bee-Bot® Marketplace Mat,£28.97,https://www.tts-international.com/dw/image/v2/AAXQ_PRD/on/demandware.static/-/Sites-TTSGroupE-commerceMaster/default/dw8340a617/images/hi-res/1015736_01_IT10154_001.jpg?sw=240
Bee-Bot® World Bundle,£217.97,https://www.tts-international.com/dw/image/v2/AAXQ_PRD/on/demandware.static/-/Sites-TTSGroupE-commerceMaster/default/dw2f6aced5/images/hi-res/1017042_01_IT10199.jpg?sw=240
InO-Bot Scratch Programmable Bluetooth Floor Robot,£137.95,https://www.tts-international.com/dw/image/v2/AAXQ_PRD/on/demandware.static/-/Sites-TTSGroupE-commerceMaster/default/dw589cac22/images/hi-res/1009821_01_EL00483.jpg?sw=240
Bee-Bot® French Town Mat,£55.43,https://www.tts-international.com/dw/image/v2/AAXQ_PRD/on/demandware.static/-/Sites-TTSGroupE-commerceMaster/default/dw86fb229f/images/hi-res/1003390_00_MF00304a.jpg?sw=240
Bee-Bot® Fairytale Mat,£30.23,https://www.tts-international.com/dw/image/v2/AAXQ_PRD/on/demandware.static/-/Sites-TTSGroupE-commerceMaster/default/dwfc84ff15/images/hi-res/1015567_01_IT10121_001.jpg?sw=240
Blue-Bot® Bluetooth Programmable Robot Class Pack,£214.19,https://www.tts-international.com/dw/image/v2/AAXQ_PRD/on/demandware.static/-/Sites-TTSGroupE-commerceMaster/default/dw79ea208d/images/hi-res/1007812_02_EL00485_3_large.jpg?sw=240
Stage One Remote Control Clever Cats 4pk,£37.79,https://www.tts-international.com/dw/image/v2/AAXQ_PRD/on/demandware.static/-/Sites-TTSGroupE-commerceMaster/default/dwe2fd6203/images/hi-res/1013101_05_EY06338_025.jpg?sw=240
Bee-Bot® Tunnels,£255.75,https://www.tts-international.com/dw/image/v2/AAXQ_PRD/on/demandware.static/-/Sites-TTSGroupE-commerceMaster/default/dwa50bf324/images/hi-res/1015559_01_IT10116.jpg?sw=240
Rugged Robot & Tactile Reader,£24.26,https://www.tts-international.com/dw/image/v2/AAXQ_PRD/on/demandware.static/-/Sites-TTSGroupE-commerceMaster/default/dw899df7c0/images/hi-res/1017046_01_IT10203.jpg?sw=240
Seaside Activity Tin,£30.23,https://www.tts-international.com/dw/image/v2/AAXQ_PRD/on/demandware.static/-/Sites-TTSGroupE-commerceMaster/default/dwc79d75e4/images/hi-res/1015675_01_IT10148.jpg?sw=240
"Bee-Bot® and Blue-Bot® Shapes, Colour and Size Mat",£24.26,https://www.tts-international.com/dw/image/v2/AAXQ_PRD/on/demandware.static/-/Sites-TTSGroupE-commerceMaster/default/dw4cd22924/images/hi-res/1000819_00_IT00854_1_large.jpg?sw=240
Transport and Industry Activity Tin,£44.09,https://www.tts-international.com/dw/image/v2/AAXQ_PRD/on/demandware.static/-/Sites-TTSGroupE-commerceMaster/default/dwdb94f860/images/hi-res/1015735_03_IT10153.jpg?sw=240
Bee-Bot® Seaside Floor Mat 90 x 105cm,£520.30,https://www.tts-international.com/dw/image/v2/AAXQ_PRD/on/demandware.static/-/Sites-TTSGroupE-commerceMaster/default/dw759aa720/images/hi-res/1001351_00_gbbsm.jpg?sw=240
Bee-Bot® & Blue-Bot® 6 Pack,£390.59,https://www.tts-international.com/dw/image/v2/AAXQ_PRD/on/demandware.static/-/Sites-TTSGroupE-commerceMaster/default/dw7855443f/images/hi-res/1013162_01_IT01243_001.jpg?sw=240
Robotics and STEM Package KS2,£6.78,https://www.tts-international.com/dw/image/v2/AAXQ_PRD/on/demandware.static/-/Sites-TTSGroupE-commerceMaster/default/dw488a0891/images/hi-res/1013748_07_IT10011_202.jpg?sw=240
Probotix Programming Software,£66.77,https://www.tts-international.com/dw/image/v2/AAXQ_PRD/on/demandware.static/-/Sites-TTSGroupE-commerceMaster/default/dw65332e78/images/hi-res/1007564_00_EL00477_1_large.jpg?sw=240
Bee-Bot® European Map,£25.19,https://www.tts-international.com/dw/image/v2/AAXQ_PRD/on/demandware.static/-/Sites-TTSGroupE-commerceMaster/default/dwff90ea78/images/hi-res/1009030_02_GE00563_large.jpg?sw=240
People Who Help Us Activity Tin,£37.17,https://www.tts-international.com/dw/image/v2/AAXQ_PRD/on/demandware.static/-/Sites-TTSGroupE-commerceMaster/default/dwcef04c22/images/hi-res/1015672_01_IT10146.jpg?sw=240
Bee-Bot® and Blue-Bot® Number Line Mat,£24.26,https://www.tts-international.com/dw/image/v2/AAXQ_PRD/on/demandware.static/-/Sites-TTSGroupE-commerceMaster/default/dw7973d5b3/images/hi-res/1000988_00_FWALKN_WEB.jpg?sw=240
Countryside Activity Tin,£28.97,https://www.tts-international.com/dw/image/v2/AAXQ_PRD/on/demandware.static/-/Sites-TTSGroupE-commerceMaster/default/dwd0fbf6c8/images/hi-res/1015668_01_IT10143.jpg?sw=240
Bee-Bot® Countryside Mat,£54.17,https://www.tts-international.com/dw/image/v2/AAXQ_PRD/on/demandware.static/-/Sites-TTSGroupE-commerceMaster/default/dw061dc3f8/images/hi-res/1015669_01_IT10144_001.jpg?sw=240
Gears! Gears! Gears!® Robots In Motion,£12.59,https://www.tts-international.com/dw/image/v2/AAXQ_PRD/on/demandware.static/-/Sites-TTSGroupE-commerceMaster/default/dwe0e7a6c9/images/hi-res/1020885_001_TE10054.jpg?sw=240
Oti-Bot Pusher Tummy,£41.57,https://www.tts-international.com/dw/image/v2/AAXQ_PRD/on/demandware.static/-/Sites-TTSGroupE-commerceMaster/default/dwc2834fa7/images/hi-res/1021634_02_IT10420.jpg?sw=240
KS1 Bee-Bot® Story Mat,£28.35,https://www.tts-international.com/dw/image/v2/AAXQ_PRD/on/demandware.static/-/Sites-TTSGroupE-commerceMaster/default/dwa81ab27c/images/hi-res/1010432_00_GE00772_1.jpg?sw=240
Bee-Bot® Dinosaur Mat,£28.35,https://www.tts-international.com/dw/image/v2/AAXQ_PRD/on/demandware.static/-/Sites-TTSGroupE-commerceMaster/default/dwe04cd32f/images/hi-res/1015785_01_IT10161.jpg?sw=240
Bee-Bot® Snakes and Ladders Mat,£207.89,https://www.tts-international.com/dw/image/v2/AAXQ_PRD/on/demandware.static/-/Sites-TTSGroupE-commerceMaster/default/dwae159eb3/images/hi-res/1015571_01_IT10130.jpg?sw=240
Bee-Bot® Floor Robot Starter Set,£251.99,https://www.tts-international.com/dw/image/v2/AAXQ_PRD/on/demandware.static/-/Sites-TTSGroupE-commerceMaster/default/dwb4ace7a1/images/hi-res/1001323_01_ITSCARD_1.jpg?sw=240
TacTile Code Reader Starter Pack,£18.89,https://www.tts-international.com/dw/image/v2/AAXQ_PRD/on/demandware.static/-/Sites-TTSGroupE-commerceMaster/default/dwe5e6d140/images/hi-res/1010505_00_IT01147_1.jpg?sw=240
A5 Bee-Bot® Sequence Cards,£6.95,https://www.tts-international.com/dw/image/v2/AAXQ_PRD/on/demandware.static/-/Sites-TTSGroupE-commerceMaster/default/dw03fdf96d/images/hi-res/1001029_00_ITSCARD.jpg?sw=240
Pro-Bot® USB Cable,£30.23,https://www.tts-international.com/dw/image/v2/AAXQ_PRD/on/demandware.static/-/Sites-TTSGroupE-commerceMaster/default/dwb07c9d9b/images/hi-res/1001348_00_ITS1CAB_large.jpg?sw=240
Bee-Bot® People Who Help Us Mat,£25.19,https://www.tts-international.com/dw/image/v2/AAXQ_PRD/on/demandware.static/-/Sites-TTSGroupE-commerceMaster/default/dwf2473175/images/hi-res/1015671_01_IT10145.jpg?sw=240
Bee-Bot® Maths Activity Cards,£29.61,https://www.tts-international.com/dw/image/v2/AAXQ_PRD/on/demandware.static/-/Sites-TTSGroupE-commerceMaster/default/dw084975a1/images/hi-res/1015781_01_IT10159.jpg?sw=240
Bee-Bot® and Blue-Bot® Treasure Island Mat,£151.19,https://www.tts-international.com/dw/image/v2/AAXQ_PRD/on/demandware.static/-/Sites-TTSGroupE-commerceMaster/default/dw8085a642/images/hi-res/1001354_00_ITSMAT1_large.jpg?sw=240
Early Technology Light Up Glow and Go Bot,£17.63,https://www.tts-international.com/dw/image/v2/AAXQ_PRD/on/demandware.static/-/Sites-TTSGroupE-commerceMaster/default/dwf80d1a6c/images/hi-res/1015634_03_EY10564.jpg?sw=240
Bee-Bot® and Blue-Bot® Trailer,£25.19,https://www.tts-international.com/dw/image/v2/AAXQ_PRD/on/demandware.static/-/Sites-TTSGroupE-commerceMaster/default/dw60482be8/images/hi-res/1001347_00_ITRAIL_201.jpg?sw=240
Transport and Industry Bee-Bot® Mat,£31.49,https://www.tts-international.com/dw/image/v2/AAXQ_PRD/on/demandware.static/-/Sites-TTSGroupE-commerceMaster/default/dw6b86b5f1/images/hi-res/1015734_01_IT10152.jpg?sw=240
TacTile Code Reader Standard Tile Pack,£5.04,https://www.tts-international.com/dw/image/v2/AAXQ_PRD/on/demandware.static/-/Sites-TTSGroupE-commerceMaster/default/dwe1e94734/images/hi-res/1010513_00_IT01172_1.jpg?sw=240
Robot Camera Mount,£752.09,https://www.tts-international.com/dw/image/v2/AAXQ_PRD/on/demandware.static/-/Sites-TTSGroupE-commerceMaster/default/dw7d7ac9fb/images/hi-res/1013535_01_IT10004_101.jpg?sw=240
Blue-Bot® Bluetooth Programmable Robot Mat Pack,£41.57,https://www.tts-international.com/dw/image/v2/AAXQ_PRD/on/demandware.static/-/Sites-TTSGroupE-commerceMaster/default/dw6eac1018/images/hi-res/1007818_00_EL00517_1_large.jpg?sw=240
Bee-Bot® World Map,£75.59,https://www.tts-international.com/dw/image/v2/AAXQ_PRD/on/demandware.static/-/Sites-TTSGroupE-commerceMaster/default/dwaac40d82/images/hi-res/1005671_00_GE00466_large.jpg?sw=240
Bee-Bot® UK Map,£54.17,https://www.tts-international.com/dw/image/v2/AAXQ_PRD/on/demandware.static/-/Sites-TTSGroupE-commerceMaster/default/dwa10f946f/images/hi-res/1005670_00_GE00465_large.jpg?sw=240
Bee-Bot®/ Blue-Bot® Docking Station 2,£13.85,https://www.tts-international.com/dw/image/v2/AAXQ_PRD/on/demandware.static/-/Sites-TTSGroupE-commerceMaster/default/dw14888ac6/images/hi-res/1004948_00_EL00358_large_co.jpg.jpg?sw=240
Bee-Bot® Sequence Cards Small,£22.67,https://www.tts-international.com/dw/image/v2/AAXQ_PRD/on/demandware.static/-/Sites-TTSGroupE-commerceMaster/default/dw1b46630e/images/hi-res/1009213_00_IT00654.jpg?sw=240
TacTile Code Reader Tiles Extension Pack,£32.75,https://www.tts-international.com/dw/image/v2/AAXQ_PRD/on/demandware.static/-/Sites-TTSGroupE-commerceMaster/default/dwfbb5fa17/images/hi-res/1009828_00_EL00546_1.jpg?sw=240
Bee-Bot® and Blue-Bot® 3D Shapes Mat,£293.82,https://www.tts-international.com/dw/image/v2/AAXQ_PRD/on/demandware.static/-/Sites-TTSGroupE-commerceMaster/default/dw470ca7cd/images/hi-res/1010472_00_IT01075_1.jpg?sw=240
mBot Ranger,£80.63,https://www.tts-international.com/dw/image/v2/AAXQ_PRD/on/demandware.static/-/Sites-TTSGroupE-commerceMaster/default/dwc30ce8c8/images/hi-res/1014421_01_IT10023_101.jpg?sw=240
Modular Road & Tunnel Bundle,£146.15,https://www.tts-international.com/dw/image/v2/AAXQ_PRD/on/demandware.static/-/Sites-TTSGroupE-commerceMaster/default/dwa50bf324/images/hi-res/1015559_01_IT10116.jpg?sw=240
TacTile Code Reader,£25.19,https://www.tts-international.com/dw/image/v2/AAXQ_PRD/on/demandware.static/-/Sites-TTSGroupE-commerceMaster/default/dwdab7b412/images/hi-res/1010494_01_IT01118 2.jpg?sw=240
Human Body Bee-Bot® Mat,£30.23,https://www.tts-international.com/dw/image/v2/AAXQ_PRD/on/demandware.static/-/Sites-TTSGroupE-commerceMaster/default/dw1e1e3d07/images/hi-res/1015790_01_IT10165.jpg?sw=240
Bee-Bot® Blank Grid Mats,£27.71,https://www.tts-international.com/dw/image/v2/AAXQ_PRD/on/demandware.static/-/Sites-TTSGroupE-commerceMaster/default/dw08293b69/images/hi-res/1015665_01_IT10141.jpg?sw=240
Bee-Bot® Wildlife Garden Mat,£23.93,https://www.tts-international.com/dw/image/v2/AAXQ_PRD/on/demandware.static/-/Sites-TTSGroupE-commerceMaster/default/dw283b0e68/images/hi-res/1015570_01_IT10129.jpg?sw=240
Bee-Bot® Pusher,£89.45,https://www.tts-international.com/dw/image/v2/AAXQ_PRD/on/demandware.static/-/Sites-TTSGroupE-commerceMaster/default/dwb7d54a3c/images/hi-res/1015552_01_IT10112.jpg?sw=240
Bee-Bot® Obstacle Course,£25.19,https://www.tts-international.com/dw/image/v2/AAXQ_PRD/on/demandware.static/-/Sites-TTSGroupE-commerceMaster/default/dweb113758/images/hi-res/1015554_01_IT10113.jpg?sw=240
Bee-Bot® Construction Site Mat,£28.97,https://www.tts-international.com/dw/image/v2/AAXQ_PRD/on/demandware.static/-/Sites-TTSGroupE-commerceMaster/default/dw5d076c1c/images/hi-res/1015733_01_IT10151.jpg?sw=240
Seaside Bee-Bot® Mat,£26.45,https://www.tts-international.com/dw/image/v2/AAXQ_PRD/on/demandware.static/-/Sites-TTSGroupE-commerceMaster/default/dw514d5def/images/hi-res/1015674_03_IT10148.jpg?sw=240
Bee-Bot® Pen Holder,£28.35,https://www.tts-international.com/dw/image/v2/AAXQ_PRD/on/demandware.static/-/Sites-TTSGroupE-commerceMaster/default/dw7338493b/images/hi-res/1015555_01_IT10114.jpg?sw=240
Bee-Bot® Pocket Mat,£44.73,https://www.tts-international.com/dw/image/v2/AAXQ_PRD/on/demandware.static/-/Sites-TTSGroupE-commerceMaster/default/dw308fd26f/images/hi-res/1015564_01_IT10125.jpg?sw=240
Bee-Bot® Modular Road,£25.25,https://www.tts-international.com/dw/image/v2/AAXQ_PRD/on/demandware.static/-/Sites-TTSGroupE-commerceMaster/default/dw19e83a59/images/hi-res/1015676_01_IT10150.jpg?sw=240
Marketplace Activity Tin,£24.26,https://www.tts-international.com/dw/image/v2/AAXQ_PRD/on/demandware.static/-/Sites-TTSGroupE-commerceMaster/default/dwa151c5c0/images/hi-res/1015780_01_IT10154.jpg?sw=240
Construction Site Activity Tin,£15.14,https://www.tts-international.com/dw/image/v2/AAXQ_PRD/on/demandware.static/-/Sites-TTSGroupE-commerceMaster/default/dwf1c4af85/images/hi-res/1015737_01_IT10155.jpg?sw=240
Robot Sensor Fronts,£28.97,https://www.tts-international.com/dw/image/v2/AAXQ_PRD/on/demandware.static/-/Sites-TTSGroupE-commerceMaster/default/dwd654d473/images/hi-res/1015575_01_IT10132.jpg?sw=240
Bee-Bot® and Blue-Bot® Coin Mat,£30.23,https://www.tts-international.com/dw/image/v2/AAXQ_PRD/on/demandware.static/-/Sites-TTSGroupE-commerceMaster/default/dw7df751d0/images/hi-res/1005735_03_IT00855.jpg?sw=240
Bee-Bot® and Blue-Bot® Farmyard Mat,£9.14,https://www.tts-international.com/dw/image/v2/AAXQ_PRD/on/demandware.static/-/Sites-TTSGroupE-commerceMaster/default/dwac2f298a/images/hi-res/1001350_00_IBFARM.jpg?sw=240
Bee-Bot® Clip on Shells,£90.71,https://www.tts-international.com/dw/image/v2/AAXQ_PRD/on/demandware.static/-/Sites-TTSGroupE-commerceMaster/default/dw66d99b82/images/hi-res/1001344_00_ITSHELL.jpg?sw=240
Bee-Bot® and Blue-Bot® Changeable Maze,£26.45,https://www.tts-international.com/dw/image/v2/AAXQ_PRD/on/demandware.static/-/Sites-TTSGroupE-commerceMaster/default/dw1a866f08/images/hi-res/1001349_00_IB23.jpg?sw=240
Bee-Bot® and Blue-Bot® Transparent Grid Mat,£30.23,https://www.tts-international.com/dw/image/v2/AAXQ_PRD/on/demandware.static/-/Sites-TTSGroupE-commerceMaster/default/dwece0b3df/images/hi-res/1001352_00_ITSGRID.jpg?sw=240
Bee-Bot® and Blue-Bot® Alphabet Mat,£40.40,https://www.tts-international.com/dw/image/v2/AAXQ_PRD/on/demandware.static/-/Sites-TTSGroupE-commerceMaster/default/dwae864f5a/images/hi-res/1005734_01_IT00853_1_large.jpg?sw=240
